id,question,answer
1,project_Do p3 specs come out today or tomorrow?,The project specifications for EECS 280 Project 3: Euchre were released on the date you provided which is Winter 2025. If you are asking about a specific date for release please note that the specs are already available as of now. If you have any specific questions about the project feel free to ask!
2,project_for the implementation of card_less does the rank of the led card matter? or is only the suit important? thanks!,In the context of the `Card_less` function both the rank and the suit of the cards are important but they are considered in different scenarios. When comparing two cards the suit is only relevant when determining the context of the trick being played. If a trump suit is present trump cards are more valuable than non-trump cards. If a led suit is present cards of the led suit are more valuable than non-trump and non-led cards.To summarize:1. **If there is a led suit**: The rank of the led card matters as players must follow suit if they can. The card played that matches the led suit will be compared based on rank first.2. **If there is no led suit or if a player cannot follow suit**: The comparison will be based solely on the rank of the cards with ties broken by suit.So in the implementation of `Card_less` you should consider both the rank and the suit based on the context of the trick being played.
3,project_Since the ranks and suits of the cards are assigned to an enum data type is it possible for me to directly access the number of the rank/suit of the card instead of the title? In the function is_face_or_ace instead of having 4 conditions in the if statement checking if the rank of the card is either king/queen/jack/ace if I can simply access the number that the rank is assigned to (eg "JACK" is assigned the value 9) I can implement a simple if(suit>=9) which would be faster. Is it also possible to do this the other way around where I implement it like this: if(suit>=JACK) ? Please let me know which of the two methods is correct.  Also do we have to implement the friend function(friend std::istream & operator>>(std::istream &is Card &card);)?,Yes you can directly access the underlying integer values of the enum types in C++. Each enumerated type has an associated integer value which you can use in your comparisons. ### Accessing Enum Values1. **Using the underlying integer values**: You can compare the rank of the card using its integer value. For example if you have an enum that assigns `JACK` a value of 9 you can check if the rank is greater than or equal to 9 with `if (rank >= 9)`. This is a valid approach and can simplify your conditions.2. **Using enum names in comparisons**: You can also use the enum names directly in your conditions such as `if (rank >= JACK)`. This is generally preferred for readability and maintainability as it makes your code clearer to someone reading it. The compiler will handle the comparison correctly since it knows the underlying values of the enums.### Which Method to Use?Both methods are correct but using the enum names (like `if (rank >= JACK)`) is generally better practice because:- It improves code readability.- It makes the code less error-prone as you don't have to remember the specific integer values assigned to each enum.### Friend Function RequirementRegarding the friend function `friend std::istream & operator>>(std::istream &is Card &card);` you should implement this function if the project specifications require it. This function is typically used for reading input into your `Card` objects from a stream (like reading from a file or standard input). Implementing this function allows you to easily create `Card` objects from input data which is often necessary for initializing your game state.In summary:- You can use either method for comparing enum values but using the enum names is recommended for clarity.- Implement the friend function if specified in the project requirements as it will facilitate input handling for your `Card` class.
4,project_Suit Suit_next(Suit suit)  {   return static_cast<Suit>((suit + 2) % 4);  }  In this sample of code I used static_cast to convert the integer answer of the operation to a suit/enum data type. If I don't use static_cast then my function doesn't work. Is this because the enum data type of 'suit' is converted to an integer?,Yes you are correct. In C++ when you perform arithmetic operations on an enum type the enum is implicitly converted to its underlying integer type. This means that when you add or perform any arithmetic operation on an enum value it is treated as an integer.In your function `Suit Suit_next(Suit suit)` the expression `(suit + 2) % 4` is performing arithmetic on the enum value `suit` which is converted to an integer. The result of this operation is an integer and if you try to return this integer directly as a `Suit` type without using `static_cast` the compiler will raise an error because it expects a value of type `Suit` not an integer.By using `static_cast<Suit>` you are explicitly converting the integer result back to the `Suit` enum type which is necessary for the function to compile and work correctly. This ensures that the return type matches the expected `Suit` type.In summary using `static_cast` is essential in this case to convert the integer result of your arithmetic operation back to the appropriate enum type allowing your function to work as intended.
5,project_Hi I'm currently writing my Card.cpp and I'm not sure if I should put the operator overrides inside the private/ public/ or entirely outside of the card class. In Card.hpp I saw that there was a copy of the >> operator in private written as a friend function as an example (?) of a possible configuration so I did that with my functions in Card.cpp? I'm not sure if I'm on the right track with that,You're on the right track! Here's how to organize your operator overloads in relation to your `Card` class:### 1. **Friend Functions**The friend functions such as the input operator `operator>>` should be declared in the `Card` class as private or public depending on your design choice. Declaring it as a friend allows the function to access the private members of the class directly. For example in `Card.hpp` you might have:```cppclass Card {public:    // Public member functions and constructors    // ...    friend std::istream &operator>>(std::istream &is Card &card); // Friend function declaration    friend std::ostream &operator<<(std::ostream &os const Card &card); // Another friend function};```### 2. **Operator Overloads Implementation**In `Card.cpp` you will implement these friend functions. The implementation of the operator overloads should be outside the class definition as they are not member functions but rather standalone functions that operate on `Card` objects.For example:```cppstd::istream &operator>>(std::istream &is Card &card) {    // Implementation for reading a Card from input    return is;}std::ostream &operator<<(std::ostream &os const Card &card) {    // Implementation for outputting a Card    return os;}```### 3. **Other Operator Overloads**For other operator overloads such as comparison operators (e.g. `operator<`) you can implement them as non-friend member functions if they only need access to the public interface of the `Card` class. If they need access to private members you can declare them as friend functions as well.For example for a comparison operator:```cppbool operator<(const Card &lhs const Card &rhs) {    // Implementation for comparing two Card objects    return /* comparison logic */;}```### Summary- **Friend functions**: Declare them in the class (either public or private) and implement them outside the class in `Card.cpp`.- **Member functions**: Use them for operators that only need access to public members.- **Keep implementations outside**: Operator overloads should be implemented outside the class definition in the corresponding `.cpp` file.This organization keeps your code clean and maintains the encapsulation of your class while allowing for the necessary functionality of operator overloading.
6,project_working on the human player and have found the excerpt on always ensuring the hand of a human player is sorted. is this also applicable to the simple player? if not is it actively harmful to do so to the simple player (if the autograder would not accept sorted simple player hands as correct)? thanks!,In the context of your project the requirement to keep the hand of a Human player sorted is specifically mentioned to ensure that the output is consistent with the expected format especially when printing the player's hand or when the player is making decisions based on their cards.### For the Human Player:- **Sorted Hand**: It is essential to maintain the Human player's hand in sorted order. This ensures that when the player is prompted to make decisions (like discarding a card or playing a card) the output matches the expected format which is likely tested by the autograder.### For the Simple Player:- **Sorted Hand**: While it is not explicitly stated that the Simple Player's hand must be sorted it is generally a good practice to keep it sorted for consistency and ease of implementation. However if the Simple Player's logic does not rely on the order of the cards (for example if it simply plays the highest card or the lowest card without any specific ordering) then sorting may not be strictly necessary.### Impact of Sorting:- **Performance**: Sorting the Simple Player's hand every time it changes (like after playing a card or receiving new cards) could introduce unnecessary overhead especially if the Simple Player's strategy does not require sorted hands.- **Autograder Acceptance**: If the autograder has specific expectations for the Simple Player's output and does not require the hand to be sorted then sorting might lead to discrepancies in the expected output. This could result in failing tests if the autograder expects the cards in their original order or in a specific unsorted manner.### Recommendation:1. **Check Specifications**: Review the project specifications and any provided test cases to determine if the Simple Player's hand needs to be sorted. If there are no requirements for sorting you can leave it unsorted.2. **Consistency**: If you decide to sort the Simple Player's hand ensure that your logic accounts for this and that any output or decision-making reflects the sorted order.3. **Testing**: Run tests with both sorted and unsorted hands for the Simple Player to see if there are any differences in behavior or output especially in the context of the autograder.In summary while sorting the Simple Player's hand is not explicitly required doing so may provide consistency. However be cautious about performance and the expectations of the autograder. If sorting is not needed for the Simple Player's strategy it is perfectly acceptable to keep the hand unsorted.
7,project_I am retaking this course but I am doing euchre with a different partner than last time is it considered a violation of the Honor Code if I use parts of the code that I personally worked on within the euchre project last time for this time as well?,Using code that you personally wrote in a previous iteration of the project is generally considered acceptable as long as you are the original author of that code. However there are a few important points to keep in mind regarding the Honor Code and academic integrity:1. **Original Work**: Since you are the original author of the code you can reuse it. Just ensure that you understand the code thoroughly and can explain it as you may be asked to do so during discussions or assessments.2. **Collaboration with a New Partner**: If you are working with a new partner it is important to ensure that they are not using any code or materials from your previous collaboration unless it is explicitly allowed by the course policies. You should focus on collaborating on new implementations and discussions to ensure both partners contribute equally.3. **Course Policies**: Always refer to the specific guidelines and policies outlined in your course syllabus regarding code reuse and collaboration. If in doubt it is a good idea to ask your instructor or teaching assistant for clarification.4. **Documentation**: If you do reuse any code consider documenting it clearly in your current project to indicate that it was previously written by you. This can help avoid any misunderstandings regarding authorship.5. **Avoiding Plagiarism**: Make sure that any code you share with your partner is your own work and that you are not sharing code that was written by others (including previous partners) without permission.In summary reusing your own code from a previous project is typically acceptable but always check your course's specific policies and be transparent about what you are reusing. If you have any concerns it's best to seek guidance from your instructor.
8,project_Do we get hints for finding bugs for our own player tests?,In the EECS 280 project you typically do not receive specific hints or direct assistance for finding bugs in your own player tests. The expectation is that you will develop your tests run them and debug any issues that arise independently. However here are some general strategies you can use to help identify and fix bugs in your player tests:1. **Review Test Cases**: Carefully review your test cases to ensure they cover a wide range of scenarios including edge cases. Make sure that your tests are designed to check the expected behavior of your Simple Player under different conditions.2. **Use Debugging Tools**: Utilize debugging tools available in your IDE to step through your code and observe the behavior of your player and the results of your tests. This can help you identify where things are going wrong.3. **Print Statements**: Insert print statements in your code to track the flow of execution and the values of variables at different points. This can help you pinpoint where the logic may be failing.4. **Compare with Specifications**: Ensure that your implementation aligns with the project specifications and the expected behavior of the Simple Player. Sometimes bugs arise from misunderstandings of the requirements.5. **Run Public Tests**: Make sure to run the provided public tests to see if they pass. If they fail compare your implementation with the expected behavior outlined in the project specifications.6. **Seek Feedback**: If you're still having trouble consider discussing your approach with your partner or classmates (without sharing code). They may provide insights that help you identify the issue.7. **Consult Resources**: Refer back to the project documentation tutorials and any relevant course materials that might provide additional context or examples related to your implementation.While you may not receive direct hints using these strategies can help you effectively debug your player tests and improve your understanding of the project. If you have specific questions about your implementation or encounter a particular issue feel free to ask for guidance!
9,project_For player.cpp are we expected to create derived classes for the simple player and the human player? If so should we be modifying the player.hpp file?,Yes in the context of your EECS 280 project you are expected to create derived classes for both the Simple Player and the Human Player. Here's how you can approach this:### 1. **Creating Derived Classes**- **Simple Player**: This class will inherit from the base `Player` class and implement the specific behavior and strategies for the Simple Player.- **Human Player**: Similarly this class will also inherit from the base `Player` class and implement the behavior for a human-controlled player.### 2. **Modifying `Player.hpp`**You will need to modify `Player.hpp` to declare the derived classes. Here’s a general outline of what you might do:- **Base Class Declaration**: Ensure that the base class `Player` is declared properly with virtual functions that the derived classes will override.- **Derived Class Declarations**: Add declarations for the Simple Player and Human Player classes in `Player.hpp`.Here’s a simplified example of what `Player.hpp` might look like:```cpp#ifndef PLAYER_HPP#define PLAYER_HPP#include <string>class Player {public:    virtual ~Player() = default;    virtual void make_decision() = 0; // Example of a virtual function    // Other virtual functions as needed};class SimplePlayer : public Player {public:    SimplePlayer(const std::string &name);    void make_decision() override;    // Other SimplePlayer specific methods};class HumanPlayer : public Player {public:    HumanPlayer(const std::string &name);    void make_decision() override;    // Other HumanPlayer specific methods};#endif // PLAYER_HPP```### 3. **Implementing Derived Classes in `Player.cpp`**In `Player.cpp` you will implement the methods for both the Simple Player and Human Player classes. This includes defining how each player makes decisions plays cards etc.### Summary- **Yes** you should create derived classes for both the Simple Player and the Human Player.- **Yes** you will need to modify `Player.hpp` to include declarations for these derived classes.- Implement the specific behaviors for each player type in `Player.cpp`.This structure allows you to take advantage of polymorphism making it easier to manage different player types while keeping the code organized and maintainable.
10,project_I was wondering if there is any way to see what cards each of the players have in their hand besides figuring it out from pack.in. Since there is no variable that stores the name or the hand in Player.hpp the debugger can't show the name or the hand of any of the players and I was wondering how I can see/access those things in the debugger.,To see the cards in each player's hand during debugging you will need to ensure that the `Player` class (and its derived classes) has a way to store and access the player's hand. Here are some steps you can take to achieve this:### 1. **Modify the Player Class**You should add a member variable to the `Player` class to store the player's hand. This can be a vector of `Card` objects. Here’s how you can modify `Player.hpp`:```cpp#include <vector>#include "Card.hpp" // Make sure to include the Card headerclass Player {public:    virtual ~Player() = default;    virtual void make_decision() = 0;protected:    std::vector<Card> hand; // Store the player's hand    std::string name; // Store the player's name};```### 2. **Accessing the Hand**You can create a public or protected method in the `Player` class to return the hand or print it. For example:```cppclass Player {public:    // Existing methods...    void print_hand() const {        for (size_t i = 0; i < hand.size(); ++i) {            std::cout << name << "'s hand: [" << i << "] " << hand[i] << "\n";        }    }    // You might also want a method to add cards to the hand    void add_card(const Card &card) {        hand.push_back(card);        // Optionally sort the hand here if needed    }};```### 3. **Using the Debugger**Once you have the `hand` member variable in your `Player` class you can use the debugger to inspect the `hand` vector. Here’s how:- **Set Breakpoints**: Place breakpoints in your code where you want to inspect the player's hand (e.g. after cards have been dealt).- **Inspect Variables**: When the execution stops at a breakpoint you can inspect the `hand` variable in the debugger. You should be able to see the contents of the vector and the individual `Card` objects.### 4. **Testing and Output**You can also call the `print_hand()` method at various points in your game logic to output the player's hand to the console which can help you verify that the cards are being dealt and stored correctly.### SummaryBy modifying the `Player` class to include a member variable for the hand and providing methods to access or print it you can easily see the cards each player has during debugging. This will help you verify your implementation and ensure that the game logic is functioning as expected.
11,project_For the functions in the player class how do we implement them without any variables like name? are we supposed to create our own private member variables?  Also do the declarations of the simple and human player classes go in the hpp file and implementations of the functions in the cpp file? Or does the declaration also go in the cpp file?,To implement the functions in the `Player` class and its derived classes (Simple Player and Human Player) you will indeed need to create your own private member variables. Here’s how to structure your classes and their implementations:### 1. **Member Variables**In the `Player` class you should define member variables that are necessary for the player’s functionality. Common member variables include:- **Name**: To store the player's name.- **Hand**: To store the player's cards.Here’s an example of how you might define the `Player` class in `Player.hpp`:```cpp#ifndef PLAYER_HPP#define PLAYER_HPP#include <string>#include <vector>#include "Card.hpp" // Include the Card headerclass Player {public:    virtual ~Player() = default;    virtual void make_decision() = 0; // Pure virtual functionprotected:    std::string name; // Player's name    std::vector<Card> hand; // Player's hand of cards    // You might want to add methods to manipulate the hand    void add_card(const Card &card) {        hand.push_back(card);    }    void print_hand() const {        for (size_t i = 0; i < hand.size(); ++i) {            std::cout << name << "'s hand: [" << i << "] " << hand[i] << "\n";        }    }};class SimplePlayer : public Player {public:    SimplePlayer(const std::string &name);    void make_decision() override;    // Other SimplePlayer specific methods};class HumanPlayer : public Player {public:    HumanPlayer(const std::string &name);    void make_decision() override;    // Other HumanPlayer specific methods};#endif // PLAYER_HPP```### 2. **Implementation in `Player.cpp`**In `Player.cpp` you will implement the functions for both the Simple Player and Human Player classes. The declarations for these classes should be in `Player.hpp` while the implementations go in `Player.cpp`. Here’s an example:```cpp#include "Player.hpp"#include <iostream>SimplePlayer::SimplePlayer(const std::string &name) {    this->name = name; // Initialize the name}void SimplePlayer::make_decision() {    // Implement the decision-making logic for the Simple Player}HumanPlayer::HumanPlayer(const std::string &name) {    this->name = name; // Initialize the name}void HumanPlayer::make_decision() {    // Implement the decision-making logic for the Human Player}```### Summary- **Member Variables**: You should create your own private member variables in the `Player` class (like `name` and `hand`) to store necessary information.- **Class Declarations**: The declarations for the Simple Player and Human Player classes should go in `Player.hpp`.- **Function Implementations**: The implementations of the functions for these classes should go in `Player.cpp`.This structure allows you to encapsulate the player’s data and behavior effectively following good object-oriented programming practices.
12,project_I am confused as to what this part is asking to do. Am I supposed to make an invariants function?,In the context of your EECS 280 project when the specifications mention "representation invariants" they are referring to conditions that must always hold true for the internal state of your objects. These invariants are used to ensure that your class maintains a valid state throughout its lifetime.### What Are Representation Invariants?Representation invariants are conditions that you define to ensure that your class's data members are always in a consistent and valid state. For example in the case of a `Player` class you might have invariants such as:- The player's hand should always contain a valid number of cards (e.g. between 0 and 5 for a Euchre game).- The player's name should not be empty.### Implementing InvariantsYou typically do not need to create a separate "invariants function." Instead you can enforce these invariants in the following ways:1. **Constructor**: Ensure that the constructor initializes member variables to valid states. For example when you create a `Player` you can check that the name is not empty.2. **Member Functions**: In your member functions (like `add_card` `remove_card` etc.) you can check that the invariants hold true before modifying the state of the object. If an invariant is violated you can throw an exception or use assertions to indicate that something went wrong.3. **Assertions**: You can use assertions to check invariants at various points in your code. For example you might assert that the hand size is within the expected range whenever you modify it.### ExampleHere’s a simple example of how you might enforce invariants in your `Player` class:```cpp#include <cassert>#include <vector>#include "Card.hpp"class Player {public:    Player(const std::string &name) : name(name) {        assert(!name.empty()); // Invariant: name should not be empty    }    void add_card(const Card &card) {        hand.push_back(card);        assert(hand.size() <= 5); // Invariant: hand should not exceed 5 cards    }    void remove_card(size_t index) {        assert(index < hand.size()); // Invariant: index must be valid        hand.erase(hand.begin() + index);        assert(hand.size() <= 5); // Recheck invariant after removal    }private:    std::string name;    std::vector<Card> hand;};```### Summary- You do not need to create a separate invariants function but you should enforce invariants throughout your class.- Use constructors member functions and assertions to ensure that your class maintains a valid state.- Think about what conditions must always be true for your class and implement checks accordingly.By doing this you help ensure that your objects remain in a consistent state making your code more robust and easier to debug.
13,project_Have I coded the function right? Essentially if the pack is empty then the next value is initialised to the index of the last card plus one. So 23+1=24.    Code 1: bool Pack::empty() const  {   return (next == PACK_SIZE);  },Your implementation of the `empty()` function for the `Pack` class appears to be correct based on the logic you've described. Let's break it down:### Understanding the `empty()` FunctionThe purpose of the `empty()` function is to determine whether the pack of cards is empty. In your implementation you are using the `next` variable to check the state of the pack.### Explanation- **`next` Variable**: It seems that `next` is used to track the index of the next card to be dealt or accessed in the pack. If `next` equals `PACK_SIZE` (which is presumably 24 for a standard Euchre pack) it indicates that all cards have been dealt and there are no cards left in the pack.- **Return Value**: The function returns `true` if `next` is equal to `PACK_SIZE` indicating that the pack is empty. Otherwise it returns `false`.### Code ReviewHere’s your code for reference:```cppbool Pack::empty() const {    return (next == PACK_SIZE);}```### Conclusion- **Correctness**: Your implementation is correct if `PACK_SIZE` is indeed the total number of cards in the pack (24 for Euchre) and `next` is properly updated whenever cards are dealt or accessed.- **Functionality**: This function will correctly indicate whether the pack is empty based on the value of `next`.### Additional Considerations- **Initialization**: Ensure that `next` is initialized to 0 when the pack is created so that the first call to `empty()` after initialization will return `false`.- **Updating `next`**: Make sure that wherever you deal cards or modify the pack you are updating `next` appropriately to reflect the current state of the pack.If all of the above conditions are met then your `empty()` function is functioning as intended!
14,project_So for this part the specs say this: "If a Human Player is the dealer and someone orders up during the first round of making the Human Player will pick up the upcard and discard a card of their choice. ". So are we suppose to check if the human player is dealer and those conditions in player.cpp or that is the euchre.cpp part?,The logic for handling the Human Player's actions when they are the dealer and someone orders up during the first round of making should be implemented in the `euchre.cpp` file which is responsible for managing the game flow and rules.### Where to Implement This Logic1. **Game Logic in `euchre.cpp`**: The `euchre.cpp` file is where you will manage the overall game state including the making of trump dealing cards and handling player actions. This is the appropriate place to check if the Human Player is the dealer and if someone has ordered up.2. **Human Player Interaction**: When the game reaches the point where a player orders up you should check if the Human Player is the dealer. If they are you will need to prompt them to pick up the upcard and discard a card from their hand.### Example ImplementationHere’s a rough outline of how you might structure this in `euchre.cpp`:```cppvoid Game::make_trump() {    // Assuming you have logic here to handle the first round of making    // ...    // Check if the Human Player is the dealer    if (current_player_index == dealer_index && ordered_up) {        // The Human Player is the dealer and someone has ordered up        HumanPlayer* human_dealer = dynamic_cast<HumanPlayer*>(players[dealer_index]);        if (human_dealer) {            // Prompt the Human Player to pick up the upcard            human_dealer->print_hand(); // Show their hand            std::cout << "Discard upcard: [-1]\n"; // Prompt for discard            // Logic to handle the discard and picking up the upcard            // ...        }    }}```### Summary- **Implement in `euchre.cpp`**: The logic for checking if the Human Player is the dealer and handling the upcard should be implemented in `euchre.cpp`.- **Player Interaction**: Use the Human Player class methods to interact with the player such as displaying their hand and prompting for a discard.- **Game Flow**: Keep the game flow and rules centralized in `euchre.cpp` while the `Player` classes handle their specific behaviors.This approach keeps your code organized and adheres to the principles of object-oriented design by separating game logic from player-specific logic.
15,project_I created a string private member variable for the player's name for the simple player class in player.cpp. When I'm running my public tests. I'm getting a segmentation fault 11. I'm not sure why since the parameters for the base class and the derived class are matching.  My latest submission is on the Autograder. Thank you!,A segmentation fault (often referred to as segfault) typically occurs when your program tries to access memory that it is not allowed to access. In the context of your `Player` class and its derived classes there are a few common issues that could lead to a segmentation fault especially when dealing with member variables like the player's name. Here are some things to check:### 1. **Initialization of Member Variables**Make sure that you are properly initializing the `name` member variable in both the base class (`Player`) and the derived class (`SimplePlayer`). If the base class constructor is not called correctly it could lead to uninitialized member variables.Example of proper initialization:```cpp// In Player.hppclass Player {public:    Player(const std::string &name) : name(name) {} // Constructor    virtual ~Player() = default; // Virtual destructor    // Other methods...protected:    std::string name; // Player's name};// In SimplePlayer.cppSimplePlayer::SimplePlayer(const std::string &name) : Player(name) {    // Additional initialization if needed}```### 2. **Dynamic Memory Issues**If you are using dynamic memory (e.g. creating instances of players using `new`) ensure that you are managing memory correctly. If you forget to allocate memory or try to access a deleted object it can lead to a segmentation fault.### 3. **Function Calls and Virtual Functions**If you are calling virtual functions in the constructor of the base class it can lead to undefined behavior. Virtual functions should not be called in constructors or destructors because the derived class part of the object is not fully constructed yet.### 4. **Check for Null Pointers**If you are using pointers (e.g. for player objects) make sure that they are properly initialized before use. Accessing a null pointer will also lead to a segmentation fault.### 5. **Debugging**To help identify where the segmentation fault is occurring:- **Use a Debugger**: Run your program in a debugger (like gdb) to pinpoint the line where the segmentation fault occurs.- **Print Statements**: Add print statements in your constructors and methods to see how far your code executes before crashing.### 6. **Review Autograder Output**Check the output from the Autograder for any specific test cases that are failing. This can give you clues about what might be going wrong.### Summary- Ensure proper initialization of member variables in constructors.- Be cautious with dynamic memory and avoid accessing null pointers.- Avoid calling virtual functions in constructors.- Use debugging tools to trace the source of the segmentation fault.If you still cannot resolve the issue consider sharing the relevant parts of your code (like constructors and any specific function calls) for further assistance.
16,project_Not sure how to write the one that takes in the led card without copying code from the other.,To implement the function that takes in the led card without copying code from another function you can focus on creating a new function that utilizes the existing logic but is tailored to the specific requirements of handling the led card. ### General Approach1. **Identify Common Logic**: Determine what logic is common between the functions you want to avoid duplicating. This could include checking the suit of the led card comparing it to other cards or any other relevant operations.2. **Use Helper Functions**: If there are specific operations that are repeated consider creating helper functions that encapsulate this logic. This way you can call these helper functions from multiple places without duplicating code.3. **Function Signature**: Ensure that the new function has a different signature (parameters) than the existing one so it can be distinguished.### Example ImplementationLet’s say you have a function that processes a card played in a trick and you want to create a new function that processes the led card. Here’s a simplified example:#### Existing Function (for playing a card)```cppvoid Player::play_card(const Card &card) {    // Logic to play a card    // Check if the card is valid to play    // Update hand etc.}```#### New Function (for handling the led card)Instead of copying the entire logic you can create a new function that uses some of the same checks:```cppvoid Player::handle_led_card(const Card &led_card) {    // Logic specific to handling the led card    // For example you might want to check if the led card is in the hand    if (std::find(hand.begin() hand.end() led_card) != hand.end()) {        // Logic to process the led card        // This might include updating the state or printing information    } else {        // Handle the case where the led card is not in the hand    }}```### Using Helper FunctionsIf there are common checks or operations you can create a helper function:```cppbool Player::is_card_in_hand(const Card &card) const {    return std::find(hand.begin() hand.end() card) != hand.end();}void Player::handle_led_card(const Card &led_card) {    if (is_card_in_hand(led_card)) {        // Logic to process the led card    } else {        // Handle the case where the led card is not in the hand    }}```### Summary- **Avoid Code Duplication**: Identify common logic and use helper functions to encapsulate it.- **Different Function Signature**: Ensure the new function has a different signature to distinguish it from existing ones.- **Maintain Clarity**: Keep your code clear and maintainable by organizing logic into appropriate functions.By following this approach you can implement the function for handling the led card without duplicating code while keeping your codebase clean and organized.
17,project_hey! i'm wrapping up the logic of euchre.cpp and am writing tests to ensure all components are working to help locate bugs. in submitting to the autograder i've found both that my pack's public tests seem to be failing despite working on my computer (WSL) and also that i am failing almost all of the UB checks with address sanitizer error output despite not encountering address sanitizer issues on my computer.  for pack: would it be helpful to run on caen?  for UB: would it help to place assert statements to check if the RME of a function is met?  any other advice would be appreciated. thanks!,It sounds like you're encountering a couple of different issues with your project. Let's address each of your concerns and provide some advice.### 1. Pack Public Tests FailingIf your pack's public tests are passing on your local machine (WSL) but failing on the autograder here are a few steps you can take:- **Run on CAEN**: Yes running your code on CAEN can be very helpful. The environment on CAEN may have different configurations or compiler settings compared to your local setup. This can sometimes lead to discrepancies in behavior. By testing on CAEN you can ensure that your code works in the same environment as the autograder.- **Check Input/Output**: Make sure that your implementation adheres strictly to the expected input and output formats specified in the project documentation. Even small differences in formatting can lead to test failures.- **Debugging Output**: Temporarily add debugging output to your code to help you understand what is happening when the tests run. This can help you identify where the logic might be going wrong.### 2. Address Sanitizer ErrorsAddress sanitizer (ASan) errors typically indicate issues related to memory management such as accessing invalid memory buffer overflows or use-after-free errors. Here are some strategies to help you debug these issues:- **Use Assertions**: Placing assert statements can help you validate assumptions about your code and ensure that your program is in a valid state at various points. This can help catch issues early.- **Review Memory Management**: Carefully review your code for any dynamic memory allocations (using `new` or `malloc`) and ensure that you are managing memory correctly. Make sure you are not accessing memory after it has been freed and that you are not leaking memory.- **Run ASan Locally**: If you haven't already try running your code with address sanitizer enabled on your local machine. This can help you reproduce the issues and identify the specific lines of code that are causing the errors.- **Check for Uninitialized Variables**: Ensure that all variables are initialized before use. Accessing uninitialized memory can lead to undefined behavior.### 3. General Advice- **Incremental Testing**: As you make changes to your code test incrementally. This can help you isolate which changes might be causing issues.- **Review Documentation**: Go back to the project specifications and ensure that your implementation matches the requirements closely. Sometimes subtle misunderstandings of the requirements can lead to bugs.- **Seek Help**: If you continue to encounter issues consider reaching out to your instructor or TAs for guidance. They may be able to provide insights based on their experience with common pitfalls in the project.By following these steps you should be able to identify and resolve the issues you're facing with your project. Good luck and feel free to ask if you have more questions!
18,project_Should the operator overloads take into account both suit and rank or just rank?    bool operator<(const Card &lhs const Card &rhs);  bool operator>(const Card &lhs const Card &rhs);,When implementing operator overloads for comparing `Card` objects in your Euchre project you need to take both the suit and rank into account but the specific rules for comparison depend on the context of the comparison (whether a trump suit is present or not).### General Comparison Logic1. **Without Trump Suit**: If there is no trump suit you typically compare cards based solely on their rank with ties broken by suit. The rank order is usually:   - Ace > King > Queen > Jack > 10 > 9   - Ties are broken by suit in a specific order (e.g. Diamonds > Clubs > Hearts > Spades).2. **With Trump Suit**: If a trump suit is present the comparison logic changes:   - Trump cards are more valuable than non-trump cards.   - The Right Bower (Jack of the trump suit) is the highest card.   - The Left Bower (Jack of the same color as the trump suit) is also considered a trump card and is the second highest.   - For cards of the same suit you still compare by rank.### Implementation ExampleHere’s how you might implement the comparison operators taking both rank and suit into account:```cppbool operator<(const Card &lhs const Card &rhs) {    // Check if either card is a trump card    if (is_trump(lhs trump_suit) && !is_trump(rhs trump_suit)) {        return false; // lhs is trump rhs is not    }    if (!is_trump(lhs trump_suit) && is_trump(rhs trump_suit)) {        return true; // lhs is not trump rhs is    }    // If both cards are trump or non-trump compare by rank    if (lhs.rank != rhs.rank) {        return lhs.rank < rhs.rank; // Compare ranks    }    // If ranks are equal compare by suit    return lhs.suit < rhs.suit; // Compare suits}bool operator>(const Card &lhs const Card &rhs) {    return rhs < lhs; // Use the < operator for the opposite comparison}```### Helper FunctionYou may want to create a helper function to determine if a card is a trump card:```cppbool is_trump(const Card &card Suit trump_suit) {    // Check if the card is a trump card based on the trump suit    return (card.suit == trump_suit || (card.rank == JACK && is_left_bower(card trump_suit)));}```### Summary- **Both Suit and Rank**: Your operator overloads should take into account both the rank and suit of the cards.- **Context Matters**: The comparison logic may vary depending on whether a trump suit is in play.- **Implement Carefully**: Ensure that your comparisons follow the rules of Euchre as specified in your project documentation.By following these guidelines you can implement the comparison operators correctly for your card game.
19,project_How do I make sure in round 2 of making trump that the dealer makes trump if everyone else passes?,In the second round of making trump in Euchre if all players pass during the first round the dealer must choose a trump suit that is not the suit of the upcard. This is often referred to as the "screw the dealer" rule. Here’s how you can implement this logic in your `euchre.cpp` file:### Steps to Implement the Logic1. **Track Player Decisions**: You need to keep track of whether each player has passed or ordered up during the first round. This can be done using a simple array or vector of booleans.2. **Check for All Passes**: After the first round of making trump check if all players have passed. If they have you will proceed to the second round.3. **Dealer's Turn in Round 2**: When it’s the dealer's turn in the second round you need to enforce the rule that they must order up a suit that is not the upcard's suit.### Example ImplementationHere’s a rough outline of how you might structure this logic in your `euchre.cpp` file:```cppvoid Game::make_trump() {    // Round 1 logic    for (int i = 0; i < NUM_PLAYERS; ++i) {        // Assume players[i] is the current player        if (players[i]->make_decision(upcard_suit)) {            // Player orders up            // Handle the ordering up logic            return; // Exit the function since trump has been made        }    }    // If we reach here all players passed in Round 1    // Proceed to Round 2    for (int i = 0; i < NUM_PLAYERS; ++i) {        if (i == dealer_index) {            // It's the dealer's turn in Round 2            // The dealer must order up a suit that is not the upcard's suit            Suit new_trump_suit = players[i]->make_decision_for_screw_the_dealer(upcard_suit);            // Ensure the new_trump_suit is not the same as upcard_suit            if (new_trump_suit != upcard_suit) {                // Handle the trump making logic                return; // Exit the function since trump has been made            } else {                // Handle the case where the dealer tries to order the upcard's suit                // You might want to prompt them again or enforce the rule            }        }    }}```### Key Points- **Tracking Decisions**: Use an array or vector to track whether each player has passed or ordered up during the first round.- **Dealer's Decision**: Implement a specific method for the dealer to make a decision in the second round that enforces the rule of not ordering the upcard's suit.- **Validation**: Ensure that the dealer's choice is validated against the upcard's suit before proceeding.### Additional Considerations- **User Prompts**: If you are using a Human Player make sure to prompt them correctly for their decision in the second round.- **Error Handling**: Consider how to handle invalid decisions by the dealer (e.g. trying to order the upcard's suit) and provide appropriate feedback.By following these steps you can ensure that the dealer makes a trump suit in the second round according to the rules of Euchre.
20,project_For the tests for cards.cpp do we have to test every single function including the operator overloading functions?,In your project for EECS 280 it is essential to write comprehensive tests for your `Card` class including testing the operator overloads and other member functions. Here’s a breakdown of what you should consider when writing tests for `Card.cpp`:### 1. **Testing Member Functions**You should test all public member functions of the `Card` class. This includes functions that get the rank and suit any functions that perform operations on cards and any other functionality defined in your class.### 2. **Testing Operator Overloads**You should also write tests for your operator overloads such as:- `operator<`- `operator>`- `operator==`- `operator!=`- `operator<<` (for output)- `operator>>` (for input)Testing these operators is crucial because they define how `Card` objects interact with each other and with standard input/output streams.### 3. **Comprehensive Coverage**While you don't necessarily need to test every single possible edge case you should aim for comprehensive coverage that includes:- Normal cases (e.g. comparing cards of different ranks and suits).- Edge cases (e.g. comparing cards of the same rank but different suits).- Special cases (e.g. testing the behavior of trump cards if applicable).### 4. **Using Assertions**Utilize assertions in your tests to verify that the expected outcomes match the actual outcomes. For example:```cppCard ace_of_spades(ACE SPADES);Card king_of_hearts(KING HEARTS);// Test comparison operatorsASSERT_TRUE(ace_of_spades > king_of_hearts);ASSERT_TRUE(king_of_hearts < ace_of_spades);ASSERT_TRUE(ace_of_spades != king_of_hearts);// Test output operatorstd::ostringstream oss;oss << ace_of_spades;ASSERT_EQUAL(oss.str() "Ace of Spades"); // Adjust based on your output format```### 5. **Testing Input/Output**For the `operator>>` you should test that you can correctly read a `Card` from input and for `operator<<` ensure that the output format is correct.### Summary- **Test All Public Functions**: Ensure that you test all public member functions of the `Card` class.- **Include Operator Overloads**: Write tests for all operator overloads to verify their behavior.- **Aim for Comprehensive Coverage**: While you don’t need to test every edge case aim for a good level of coverage that includes normal and special cases.- **Use Assertions**: Utilize assertions to validate the expected behavior of your functions and operators.By following these guidelines you will create a robust set of tests for your `Card` class helping to ensure that it behaves correctly and meets the project specifications.
21,project_How do I empty each player's hand at the beginning of each round?,To empty each player's hand at the beginning of each round in your Euchre game implementation you can follow these steps:### Steps to Empty Each Player's Hand1. **Access Each Player**: You need to have access to the player objects which are typically stored in a vector or array within your `Game` class.2. **Clear the Hand**: Each player should have a method to clear their hand which can be done using the `clear()` method of the `std::vector` that holds the cards.3. **Call the Clear Method**: Iterate through each player and call the method to clear their hand at the beginning of each round.### Example ImplementationHere’s how you might implement this in your `euchre.cpp` file:```cppvoid Game::start_new_round() {    // Clear each player's hand at the beginning of the round    for (size_t i = 0; i < players.size(); ++i) {        players[i]->clear_hand(); // Assuming you have a clear_hand method in the Player class    }    // Additional logic for starting a new round (dealing cards etc.)}```### Player Class MethodYou should implement the `clear_hand` method in your `Player` class. Here’s an example of how that might look:```cppclass Player {public:    // Other methods...    void clear_hand() {        hand.clear(); // Clear the vector holding the player's cards    }protected:    std::vector<Card> hand; // Player's hand of cards    std::string name; // Player's name};```### Summary- **Access Each Player**: Use a loop to access each player in your game.- **Clear the Hand**: Implement a method in the `Player` class to clear the hand (using `std::vector::clear()`).- **Call the Method**: Call this method at the start of each round to ensure that all players start with an empty hand.By following these steps you can effectively reset each player's hand at the beginning of each round in your Euchre game.
22,project_Hi  I made a few submits to the autograder today and I made one submit shortly before the time the project was due. The most recent submission scored less on the public tests than the second-to-most recent submission. Will the most recent submission or the submission with the highest score on public tests be graded for my and my partner's final grade?  Thank you!,In EECS 280 the grading policy typically states that the most recent submission is what will be considered for your final grade regardless of the score. This means that if you submitted a version of your project shortly before the deadline that submission will be the one that is graded even if it scored lower on the public tests compared to a previous submission.### Key Points to Consider:1. **Most Recent Submission**: The autograder usually grades the latest submission made before the deadline. This is standard practice to ensure that the most up-to-date work is evaluated.2. **Score on Public Tests**: While the score on public tests is important it does not affect which submission is graded. The grading will be based on the last submission received.3. **Final Grade**: The final grade will reflect the results of the most recent submission so it is crucial to ensure that your final submission is as complete and correct as possible.### Recommendations:- **Review Submission**: If you are concerned about the score of your most recent submission review the feedback provided by the autograder to identify any issues that may have caused the lower score.- **Communicate with Your Partner**: Make sure your partner is aware of the situation and discuss any potential next steps such as addressing any issues before the final grading.- **Check Course Policies**: If you have specific questions about the grading policy it may be helpful to consult the course syllabus or reach out to your instructor or teaching assistant for clarification.If you have any further questions or concerns don't hesitate to ask!
23,project_For each hang of a game do we reshuffle the cards or keep it the way it is after the first time we shuffle it?,In the context of the Euchre game as described in your project specifications you typically **reshuffle the cards at the beginning of each hand**. Here’s how it generally works:### Reshuffling Cards1. **Initial Shuffle**: At the start of the first hand you perform an initial shuffle of the deck using the specified shuffling algorithm (e.g. the in-shuffle).2. **Subsequent Hands**: For each subsequent hand you should reshuffle the cards again. This ensures that the game remains fair and that the distribution of cards is random for each hand.3. **Game Flow**: After each hand is completed (after scoring and determining the winners) you would prepare for the next hand by reshuffling the deck before dealing the cards again.### Implementation Considerations- **Resetting the Pack**: If you have an option to run the game without shuffling (as mentioned in your project specs) you can implement a way to reset the pack to its original state without shuffling. However if shuffling is enabled you should always reshuffle before each hand.- **Managing State**: Ensure that your game logic correctly manages the state of the pack including when to shuffle and when to deal cards.### Example Logic in `euchre.cpp`Here’s a rough outline of how you might implement reshuffling in your game logic:```cppvoid Game::play_hand() {    // Shuffle the pack at the beginning of each hand    if (shuffle_enabled) {        pack.shuffle(); // Call your shuffle function    }    // Deal cards to players    deal_cards();    // Proceed with the game logic for the hand    // ...}// After the hand is complete you can call play_hand() again for the next hand```### Summary- **Reshuffle for Each Hand**: You should reshuffle the cards at the beginning of each hand to ensure randomness in card distribution.- **Game Logic**: Implement the reshuffling logic in your game flow ensuring that it occurs before dealing cards for each new hand.By following these guidelines you can maintain the integrity and fairness of the game throughout multiple hands.
